knee_angle,hip_angle,back_angle,depth,rep_speed,symmetry,form_quality
87.42,90.14,29.58,0.1104,2.74,0.7,correct
89.33,89.66,29.37,0.1034,2.9,5.49,correct
90.63,91.55,28.32,0.0898,2.91,5.76,correct
88.17,90.47,30.86,0.0846,2.66,4.28,correct
91.49,89.8,30.55,0.105,3.15,1.4,correct
90.27,83.43,25.0,0.0947,2.39,4.98,correct
90.66,84.9,31.49,0.09,2.76,2.87,correct
88.46,95.09,31.08,0.1062,3.09,4.26,correct
85.49,87.41,28.86,0.108,2.69,7.6,correct
84.72,85.51,31.34,0.1191,3.03,4.9,correct
93.71,90.53,26.95,0.0956,3.23,0.8,correct
88.13,92.27,29.17,0.1107,3.06,7.58,correct
90.48,87.95,28.68,0.092,3.23,2.38,correct
87.72,94.75,28.35,0.0985,1.97,1.45,correct
85.73,93.08,32.19,0.1018,2.92,3.7,correct
92.34,95.47,30.35,0.0899,3.21,4.09,correct
92.91,90.85,33.71,0.0977,3.52,3.61,correct
85.93,85.36,29.5,0.1191,3.17,4.64,correct
78.5,94.55,30.91,0.0954,2.52,3.4,correct
94.9,85.72,28.94,0.1183,2.6,2.74,correct
88.39,84.79,30.24,0.0875,3.2,3.41,correct
97.13,92.4,32.53,0.0864,2.75,3.98,correct
94.98,82.6,31.78,0.1091,3.49,4.68,correct
88.21,88.39,27.3,0.1043,2.71,7.04,correct
85.56,92.6,26.66,0.0973,2.92,4.88,correct
93.79,90.78,27.57,0.1075,3.03,4.28,correct
85.2,96.67,29.98,0.1104,3.37,4.5,correct
89.15,101.76,30.29,0.0984,2.85,6.07,correct
88.47,93.6,32.19,0.0958,2.02,3.94,correct
88.92,87.96,31.54,0.1093,2.35,4.33,correct
87.22,83.58,30.71,0.1015,2.46,4.34,correct
89.95,88.11,30.6,0.1142,2.48,4.09,correct
88.01,102.33,26.08,0.1103,2.66,3.22,correct
95.61,90.96,34.0,0.0967,2.96,2.52,correct
85.24,91.31,29.23,0.1044,1.85,7.0,correct
87.33,99.71,27.79,0.1055,4.2,1.83,correct
82.02,88.27,30.74,0.1103,3.38,2.94,correct
81.59,88.82,32.28,0.1076,1.92,3.34,correct
93.59,101.63,30.92,0.1057,2.24,1.88,correct
88.19,93.52,30.96,0.0963,2.28,2.0,correct
83.37,94.22,25.18,0.098,3.0,6.14,correct
88.29,96.01,29.0,0.0931,2.5,6.15,correct
91.98,93.44,34.0,0.1016,3.08,3.95,correct
87.11,102.58,32.81,0.0852,2.62,4.17,correct
91.13,84.26,25.29,0.0791,2.77,3.21,correct
89.38,87.15,27.35,0.0777,2.95,4.07,correct
91.97,94.95,29.42,0.1182,2.74,2.21,correct
85.92,88.08,25.47,0.1039,2.91,2.75,correct
85.14,92.86,33.23,0.1025,2.57,2.34,correct
87.72,84.68,29.55,0.1027,3.63,5.1,correct
92.14,87.44,31.14,0.0883,2.94,4.15,correct
84.93,101.0,30.93,0.0792,3.05,2.67,correct
88.01,93.33,30.58,0.0775,2.28,4.79,correct
93.2,100.52,33.41,0.0773,3.15,0.0,correct
94.45,92.27,27.52,0.1261,3.09,0.0,correct
89.17,87.34,30.02,0.0964,3.42,0.84,correct
89.27,100.07,28.15,0.1045,2.89,2.16,correct
90.59,91.49,27.91,0.1231,3.16,3.1,correct
85.45,87.08,32.26,0.1002,3.01,3.07,correct
90.47,90.42,31.33,0.0998,3.17,4.61,correct
87.53,86.7,27.92,0.0931,2.36,4.96,correct
87.81,98.85,34.0,0.1023,2.1,2.71,correct
87.7,83.56,29.3,0.1054,2.59,2.02,correct
84.96,99.93,29.48,0.092,2.63,5.12,correct
85.26,93.41,31.26,0.111,3.43,2.41,correct
92.53,87.04,29.01,0.1164,3.17,3.4,correct
83.23,93.81,28.54,0.0909,2.51,3.84,correct
79.52,92.8,30.15,0.095,3.27,4.5,correct
85.57,87.65,31.19,0.0838,2.65,2.26,correct
88.28,92.06,29.87,0.1156,2.9,2.83,correct
83.16,94.61,30.86,0.1194,2.46,3.45,correct
87.77,90.56,29.82,0.0814,3.17,4.58,correct
92.52,102.25,29.16,0.1016,2.8,6.9,correct
81.08,93.43,26.86,0.075,1.89,0.91,correct
92.28,86.66,29.35,0.088,3.07,1.42,correct
93.27,86.03,28.27,0.1035,2.81,5.96,correct
88.48,84.96,28.68,0.0951,3.13,4.09,correct
87.52,95.35,28.74,0.1004,2.88,6.15,correct
87.61,89.25,27.71,0.1102,2.54,4.02,correct
80.39,96.22,27.14,0.0927,3.28,1.0,correct
87.68,91.37,27.8,0.1181,3.47,0.0,correct
82.2,95.04,27.19,0.0973,2.86,4.65,correct
87.11,91.48,28.25,0.1175,2.58,4.01,correct
85.95,91.53,29.46,0.1001,2.34,4.83,correct
93.66,92.22,31.26,0.1121,3.22,3.95,correct
88.85,95.32,29.94,0.0903,2.81,0.0,correct
87.98,93.07,32.27,0.1038,3.22,3.4,correct
83.91,83.94,27.86,0.0856,3.09,3.03,correct
90.28,91.37,31.89,0.1147,2.51,2.91,correct
85.87,82.89,31.15,0.1163,2.8,2.51,correct
92.36,82.0,30.15,0.1037,2.54,5.9,correct
91.88,89.69,29.63,0.0973,2.57,1.05,correct
93.52,96.14,31.4,0.0889,3.74,6.96,correct
88.75,86.48,28.07,0.107,2.39,3.34,correct
92.35,83.47,33.81,0.1208,2.24,0.86,correct
86.87,85.84,29.27,0.075,2.7,6.65,correct
83.53,89.63,26.82,0.1097,2.7,6.89,correct
88.83,89.14,30.9,0.0959,2.2,3.94,correct
87.3,91.83,30.55,0.0959,2.99,6.53,correct
83.57,99.69,29.31,0.0928,3.89,3.68,correct
93.48,95.09,26.44,0.1034,2.56,0.98,correct
80.91,91.51,30.98,0.1067,2.66,1.96,correct
84.05,88.22,27.73,0.0996,2.79,1.79,correct
87.07,87.2,29.79,0.1081,2.88,4.25,correct
81.39,89.11,30.35,0.1097,2.08,3.69,correct
92.83,90.11,29.61,0.1074,2.91,4.61,correct
88.29,91.76,28.24,0.1,3.36,3.03,correct
87.33,88.54,31.37,0.0917,3.21,1.71,correct
83.77,92.03,30.06,0.1056,3.28,2.66,correct
89.77,86.45,32.32,0.1096,3.04,3.74,correct
84.86,89.36,30.8,0.1018,2.86,0.95,correct
88.72,87.54,27.63,0.1001,1.96,4.66,correct
91.41,90.73,27.81,0.0907,2.73,0.0,correct
88.72,94.32,29.18,0.0961,2.88,4.03,correct
92.38,91.09,28.42,0.0965,2.88,6.2,correct
86.72,85.74,28.06,0.0768,2.95,0.95,correct
83.07,82.0,27.56,0.1088,2.21,0.25,correct
88.71,89.29,30.66,0.1109,2.8,1.06,correct
87.5,93.5,28.63,0.0848,3.3,2.65,correct
86.36,91.08,31.86,0.1052,2.65,4.63,correct
96.59,97.94,31.15,0.0885,4.2,1.24,correct
86.51,87.5,33.05,0.107,2.16,3.88,correct
90.19,89.41,27.36,0.0933,2.6,3.44,correct
85.92,94.68,27.9,0.0812,2.47,5.83,correct
85.71,102.7,30.78,0.088,2.42,3.84,correct
83.29,102.87,27.82,0.1102,3.46,3.2,correct
84.02,89.63,30.52,0.1125,2.83,0.88,correct
88.17,87.63,25.43,0.0936,2.16,4.46,correct
95.78,100.29,28.65,0.0964,3.11,5.31,correct
86.33,90.29,34.0,0.1007,2.58,3.62,correct
90.32,85.89,29.3,0.088,2.67,6.78,correct
90.97,90.54,27.93,0.0983,3.27,2.39,correct
93.8,84.13,29.22,0.1229,1.9,5.54,correct
80.59,90.55,29.45,0.1119,1.8,0.0,correct
85.74,91.18,28.01,0.0993,2.27,2.68,correct
84.61,92.22,30.96,0.1192,2.5,2.83,correct
88.19,89.53,29.7,0.0833,2.97,1.75,correct
84.17,83.06,32.12,0.1003,3.32,3.89,correct
81.19,85.58,31.32,0.0928,2.31,3.08,correct
87.29,85.94,29.15,0.0963,1.8,4.3,correct
84.75,97.52,27.5,0.083,3.33,0.55,correct
85.46,93.99,29.14,0.0821,2.88,3.05,correct
93.14,93.94,34.0,0.0822,2.79,1.48,correct
92.62,95.11,31.31,0.0927,2.46,0.0,correct
94.84,93.54,29.28,0.1132,3.14,5.16,correct
81.51,87.43,30.19,0.1063,3.23,1.58,correct
88.51,102.03,31.18,0.1124,2.79,4.78,correct
95.22,91.53,32.25,0.0915,3.07,5.03,correct
84.99,96.49,28.45,0.0923,2.8,6.88,correct
89.24,95.68,28.34,0.1029,2.27,2.37,correct
91.34,90.81,32.7,0.0996,2.71,5.7,correct
85.41,83.4,32.4,0.107,1.83,3.48,correct
86.38,99.72,28.34,0.095,2.39,1.5,correct
85.2,83.82,27.74,0.0827,2.13,0.59,correct
85.92,87.58,27.35,0.1077,2.78,2.62,correct
86.14,98.96,30.28,0.1077,1.8,2.22,correct
79.32,88.87,30.55,0.0939,3.03,1.56,correct
90.3,83.23,29.28,0.107,3.04,3.17,correct
95.76,88.93,28.9,0.075,3.6,2.74,correct
83.3,97.6,32.27,0.1033,2.15,4.15,correct
85.51,85.15,31.89,0.0764,3.06,4.23,correct
96.2,92.63,25.68,0.092,2.83,4.04,correct
91.92,82.0,29.14,0.1136,3.49,6.75,correct
86.44,96.49,33.22,0.1164,3.13,4.89,correct
84.84,83.76,31.77,0.0978,2.79,2.36,correct
86.43,92.16,27.76,0.1028,2.91,3.26,correct
85.03,94.93,33.55,0.0948,3.36,5.0,correct
77.39,87.19,28.53,0.1114,2.88,4.25,correct
90.55,86.51,28.31,0.0873,2.72,3.19,correct
88.68,87.36,31.61,0.113,3.5,4.68,correct
88.74,94.36,31.02,0.0942,3.38,6.49,correct
95.91,91.18,30.45,0.107,2.8,4.51,correct
87.52,90.03,33.32,0.104,2.83,4.99,correct
88.6,92.46,29.67,0.0874,2.79,1.35,correct
88.84,85.09,31.63,0.111,2.93,3.22,correct
89.67,82.0,27.61,0.1002,2.96,3.26,correct
83.98,91.67,28.89,0.0892,2.95,3.02,correct
92.79,94.33,31.27,0.1059,2.42,1.72,correct
82.12,103.0,27.64,0.0995,2.64,2.89,correct
85.66,82.0,27.8,0.0853,2.74,2.17,correct
85.25,92.08,28.63,0.1132,2.63,3.81,correct
82.7,94.28,28.99,0.1069,2.95,3.09,correct
88.87,89.07,32.49,0.1132,3.02,1.28,correct
83.6,87.68,29.31,0.1074,2.4,5.52,correct
88.01,82.0,28.85,0.075,2.46,2.41,correct
85.56,89.37,29.01,0.0949,3.48,5.59,correct
83.43,97.27,26.56,0.0922,3.49,0.0,correct
90.3,84.73,29.51,0.0998,3.56,1.94,correct
87.72,94.14,29.3,0.0921,2.77,3.57,correct
91.54,86.28,28.9,0.1059,2.72,3.07,correct
87.93,87.52,28.2,0.1073,2.31,5.5,correct
88.87,84.62,30.37,0.104,3.14,5.49,correct
86.53,87.46,28.59,0.0902,2.46,3.91,correct
88.06,88.54,28.32,0.1062,2.57,1.53,correct
87.39,89.68,27.66,0.1119,3.18,3.47,correct
88.52,93.64,29.74,0.1127,3.55,3.54,correct
89.76,95.37,29.12,0.0885,3.21,0.58,correct
95.16,95.35,30.18,0.1026,3.59,1.7,correct
83.36,88.01,29.28,0.0899,2.87,3.64,correct
84.74,99.02,27.02,0.0867,2.97,3.03,correct
89.67,87.91,27.73,0.0943,2.49,4.34,correct
86.08,94.81,30.98,0.1145,3.21,4.81,correct
91.08,88.42,29.28,0.08,2.93,2.19,correct
89.61,93.64,27.1,0.0898,2.64,2.47,correct
88.67,85.22,29.89,0.0817,1.83,4.69,correct
82.78,88.2,26.97,0.0851,2.62,2.66,correct
91.93,93.25,29.28,0.1111,3.3,4.14,correct
86.37,96.09,33.34,0.1099,3.6,5.07,correct
91.4,85.55,27.57,0.1014,2.05,2.33,correct
91.47,87.67,30.87,0.0858,2.58,5.24,correct
88.83,92.45,33.21,0.1176,2.41,5.77,correct
85.54,90.91,29.83,0.1149,2.29,4.21,correct
90.1,95.06,29.38,0.114,2.48,5.46,correct
89.41,84.0,30.62,0.1042,2.64,2.07,correct
87.04,83.79,33.18,0.0885,2.5,5.46,correct
90.34,94.6,32.83,0.0983,2.33,4.92,correct
91.19,89.37,27.27,0.1169,3.06,0.93,correct
91.12,83.8,28.83,0.0885,2.51,1.9,correct
85.55,94.62,30.39,0.1095,3.29,2.73,correct
88.32,93.69,33.21,0.1128,3.42,5.23,correct
92.23,82.08,31.56,0.1046,2.82,2.45,correct
86.3,93.08,31.48,0.084,2.9,2.39,correct
84.2,92.96,29.14,0.0941,2.45,3.91,correct
87.96,85.54,28.12,0.0998,2.98,1.51,correct
89.95,86.88,34.0,0.0907,2.44,3.75,correct
84.39,95.14,33.4,0.0973,2.88,2.47,correct
88.0,98.16,31.59,0.0911,3.5,5.49,correct
89.95,87.7,29.93,0.0925,3.01,2.83,correct
79.06,95.63,30.18,0.1149,2.74,3.74,correct
92.46,92.94,30.38,0.135,2.72,3.7,correct
94.94,86.97,27.72,0.0848,3.04,4.53,correct
90.97,84.23,31.81,0.1164,2.76,3.46,correct
90.7,92.84,31.08,0.089,2.72,1.22,correct
90.53,93.65,29.6,0.1056,2.1,4.94,correct
86.13,91.65,32.03,0.0929,3.34,3.62,correct
88.11,93.78,27.31,0.1091,2.83,5.27,correct
87.13,89.18,30.54,0.1013,2.27,3.05,correct
93.07,90.53,28.06,0.1106,1.97,0.0,correct
87.98,91.9,30.24,0.0913,2.73,0.88,correct
88.88,82.92,29.5,0.1051,2.01,2.46,correct
91.15,98.74,26.79,0.1061,2.24,0.98,correct
94.38,94.34,28.19,0.1046,3.09,3.73,correct
96.99,94.03,25.0,0.0985,2.47,3.03,correct
88.05,87.74,27.63,0.1184,3.07,2.19,correct
90.72,94.38,32.33,0.0893,3.15,2.31,correct
92.62,90.04,25.26,0.1024,2.0,3.01,correct
87.77,88.99,26.83,0.0886,2.42,2.95,correct
93.15,94.55,28.86,0.1173,2.18,4.63,correct
87.3,92.18,31.08,0.0938,3.16,3.38,correct
97.65,89.48,32.34,0.1098,2.27,5.85,correct
83.76,82.0,31.51,0.1148,2.82,2.93,correct
94.33,94.56,28.49,0.1108,2.24,2.39,correct
83.8,82.0,27.45,0.1167,2.31,2.41,correct
83.36,95.33,29.8,0.1079,2.75,1.29,correct
84.1,95.19,29.69,0.1113,1.8,5.4,correct
86.02,101.86,28.78,0.1023,3.1,1.82,correct
91.49,87.77,32.38,0.1115,3.02,2.1,correct
87.16,92.5,25.73,0.0954,3.22,1.12,correct
93.12,87.86,30.45,0.0882,3.02,4.23,correct
92.55,97.77,32.31,0.1045,2.25,5.78,correct
82.78,88.81,31.27,0.1073,3.52,3.39,correct
81.24,89.62,30.15,0.0978,3.44,2.95,correct
82.26,93.33,27.5,0.1224,2.92,0.87,correct
92.32,102.85,25.79,0.1128,3.02,3.72,correct
89.37,93.46,28.41,0.1189,2.19,6.93,correct
94.11,85.07,29.79,0.119,2.58,3.11,correct
86.39,96.84,28.58,0.1019,3.04,3.03,correct
84.53,84.29,26.76,0.0878,2.03,2.09,correct
89.2,91.27,28.15,0.0898,2.35,0.9,correct
83.06,94.57,26.99,0.1022,2.52,7.77,correct
80.81,91.97,29.13,0.0927,2.94,3.68,correct
83.72,93.13,30.58,0.1177,2.53,6.05,correct
87.21,82.0,30.85,0.101,2.4,5.08,correct
86.11,96.08,29.63,0.111,3.11,4.25,correct
83.87,95.6,29.84,0.126,3.02,4.75,correct
84.94,88.97,29.99,0.088,2.27,3.2,correct
87.69,92.01,32.03,0.0972,3.11,3.14,correct
87.22,92.29,25.66,0.1028,2.51,1.73,correct
80.45,88.79,26.05,0.1124,2.69,0.37,correct
85.31,94.77,28.61,0.0986,2.63,3.17,correct
81.2,90.77,28.68,0.135,2.7,2.58,correct
91.95,90.22,30.31,0.0915,3.5,2.27,correct
89.5,96.66,29.19,0.102,3.06,4.63,correct
83.64,91.91,27.91,0.0931,2.51,5.59,correct
94.39,103.0,29.69,0.0919,2.36,6.29,correct
81.85,89.42,28.67,0.123,2.34,5.38,correct
93.25,90.17,30.73,0.0835,2.76,3.01,correct
77.68,93.08,30.51,0.0817,2.16,2.05,correct
85.88,89.47,27.88,0.0899,2.94,2.54,correct
87.57,89.85,30.71,0.1001,3.19,3.59,correct
91.56,97.24,26.88,0.1131,3.6,1.65,correct
87.87,89.21,30.68,0.1082,2.5,5.76,correct
84.57,90.31,31.85,0.1254,2.57,4.81,correct
88.88,83.09,27.89,0.0875,2.57,2.65,correct
88.11,97.39,30.64,0.1338,2.69,4.82,correct
89.66,98.53,29.04,0.1121,3.53,2.1,correct
87.7,93.52,28.93,0.0915,3.62,2.99,correct
94.94,88.46,29.39,0.1116,2.71,1.78,correct
85.12,92.36,28.47,0.1031,1.8,2.4,correct
87.28,88.44,27.81,0.0914,2.83,6.08,correct
82.41,89.62,31.75,0.106,2.76,2.59,correct
88.05,90.49,25.43,0.0934,1.92,5.72,correct
91.29,87.06,31.41,0.1314,2.52,5.74,correct
89.45,89.82,27.59,0.0953,2.62,0.0,correct
90.12,89.39,30.72,0.097,4.15,0.42,correct
84.27,94.53,34.0,0.0901,3.62,1.75,correct
93.17,91.38,34.0,0.1234,2.51,8.0,correct
83.5,89.43,33.42,0.0932,2.51,3.64,correct
89.81,92.94,28.31,0.1044,3.09,6.11,correct
89.31,84.74,29.86,0.0946,3.39,0.38,correct
90.24,85.67,32.34,0.1113,2.9,4.31,correct
86.65,94.38,29.7,0.1108,2.83,0.0,correct
85.95,98.59,32.71,0.1033,2.74,2.8,correct
90.52,93.9,27.84,0.1099,3.35,1.68,correct
87.25,93.32,31.25,0.097,2.56,2.57,correct
89.54,93.15,29.76,0.0856,2.31,4.55,correct
83.12,92.13,29.08,0.0948,2.81,6.42,correct
89.16,89.52,26.85,0.1081,3.31,4.49,correct
92.66,93.38,27.19,0.1015,3.04,4.7,correct
86.03,90.68,30.53,0.1173,3.25,4.56,correct
89.58,85.87,27.6,0.1009,3.27,4.11,correct
90.24,83.49,26.88,0.1154,2.78,1.04,correct
91.53,92.29,34.0,0.117,2.96,3.13,correct
88.93,90.49,26.92,0.1131,2.92,0.0,correct
85.46,86.86,31.76,0.1015,3.47,0.54,correct
83.7,96.34,28.49,0.0893,2.56,2.03,correct
90.16,96.59,26.63,0.0985,2.81,3.55,correct
91.33,91.6,28.64,0.0887,1.98,2.73,correct
88.06,95.61,29.04,0.1299,2.77,2.53,correct
89.52,86.15,30.22,0.0772,3.1,3.52,correct
88.84,91.77,27.25,0.0912,3.5,4.29,correct
85.61,93.11,30.62,0.1255,3.3,4.14,correct
86.2,99.92,29.6,0.0916,2.25,1.85,correct
86.54,94.83,31.63,0.1158,2.87,4.9,correct
97.04,95.55,33.01,0.0839,2.47,2.05,correct
77.29,91.37,32.58,0.0956,2.89,1.86,correct
86.03,92.43,27.41,0.1161,1.94,3.98,correct
86.03,98.45,31.32,0.077,1.8,1.6,correct
85.99,90.05,29.86,0.1101,2.19,0.16,correct
89.01,89.2,29.59,0.0943,2.72,6.08,correct
81.51,84.87,31.08,0.1208,2.71,1.13,correct
80.0,92.3,27.3,0.1281,3.85,3.81,correct
89.94,90.41,32.08,0.102,2.83,5.85,correct
90.5,101.65,26.53,0.0953,2.39,4.92,correct
86.03,94.01,27.46,0.1009,3.83,6.35,correct
80.49,92.82,31.45,0.0961,2.3,4.59,correct
88.4,93.76,29.48,0.13,2.39,2.51,correct
90.06,94.66,27.04,0.1176,2.14,3.41,correct
86.77,87.46,32.07,0.075,2.47,1.78,correct
91.5,98.75,31.35,0.1187,1.8,3.69,correct
82.47,89.13,30.29,0.1031,3.42,0.0,correct
84.66,83.6,26.52,0.1141,2.88,6.2,correct
92.74,91.34,27.86,0.1139,2.49,1.24,correct
83.4,91.61,32.33,0.1026,3.35,3.56,correct
86.29,103.0,33.44,0.1044,2.43,0.5,correct
89.61,89.72,30.73,0.1059,3.0,5.46,correct
89.26,87.38,28.26,0.109,2.32,4.69,correct
90.86,90.78,28.24,0.0807,2.29,0.47,correct
88.11,88.79,27.96,0.1125,2.86,3.49,correct
90.23,96.18,26.59,0.1105,1.99,1.97,correct
92.05,94.46,31.13,0.1042,3.44,0.63,correct
86.78,91.24,33.87,0.1143,3.27,2.03,correct
97.0,93.36,27.79,0.1301,2.16,1.84,correct
87.06,86.1,30.85,0.1053,2.85,6.81,correct
81.46,97.83,28.15,0.1195,3.66,7.54,correct
87.24,85.18,30.46,0.1014,2.01,4.72,correct
84.31,98.21,31.73,0.0986,2.82,2.96,correct
86.17,103.0,27.93,0.1027,3.25,2.71,correct
85.49,84.35,32.18,0.1105,3.01,0.68,correct
90.01,92.43,29.12,0.0855,2.77,1.83,correct
88.32,91.32,29.12,0.1126,2.77,4.35,correct
89.67,96.04,27.87,0.0979,3.21,3.68,correct
92.5,94.73,28.91,0.1126,2.68,5.12,correct
95.42,96.46,34.0,0.0834,2.55,2.92,correct
86.4,92.86,29.06,0.1153,3.24,4.14,correct
83.95,93.74,31.15,0.1062,2.81,5.92,correct
85.81,89.17,31.13,0.1084,3.18,2.89,correct
82.74,84.81,28.93,0.1115,3.16,0.13,correct
90.14,90.56,27.72,0.1283,2.92,4.89,correct
98.0,88.09,29.01,0.1199,2.21,3.53,correct
88.18,95.85,30.61,0.091,3.24,4.92,correct
83.8,87.56,28.75,0.0882,3.28,2.82,correct
86.89,85.81,29.01,0.1198,3.14,0.49,correct
84.04,94.18,28.8,0.0954,2.41,1.0,correct
88.38,89.1,32.08,0.1012,2.37,4.65,correct
93.38,87.32,26.39,0.0963,2.19,6.35,correct
82.45,89.36,32.75,0.1125,2.57,1.99,correct
87.27,89.8,32.79,0.1001,2.19,5.17,correct
92.15,89.87,31.34,0.1026,2.26,3.25,correct
83.42,87.83,27.92,0.106,2.88,1.02,correct
84.32,90.99,30.73,0.1029,1.81,5.72,correct
95.09,98.92,30.89,0.1101,2.51,3.74,correct
83.48,91.61,26.94,0.109,2.64,4.78,correct
88.73,88.7,31.49,0.0879,2.68,2.43,correct
90.98,90.62,30.34,0.1083,1.8,1.73,correct
88.46,96.06,30.95,0.1177,2.7,3.58,correct
86.0,88.82,28.14,0.0955,2.71,2.23,correct
88.11,82.0,30.66,0.1041,3.0,2.57,correct
85.97,95.91,29.49,0.1258,2.17,2.95,correct
83.49,87.07,28.22,0.0962,3.15,1.34,correct
90.44,83.8,28.99,0.1178,3.01,3.89,correct
90.52,93.88,31.06,0.1188,2.33,3.27,correct
90.55,94.75,30.92,0.1177,2.57,0.97,correct
93.09,91.0,28.7,0.1024,2.61,5.21,correct
91.56,92.56,30.88,0.1024,3.26,0.0,correct
83.33,90.8,28.97,0.0906,3.08,1.64,correct
88.87,91.62,29.92,0.092,2.71,5.61,correct
90.17,95.81,29.64,0.0816,2.59,3.13,correct
93.21,96.68,30.65,0.0917,2.86,2.93,correct
87.03,84.83,30.73,0.1016,3.16,0.77,correct
83.49,103.0,28.04,0.1055,3.0,1.63,correct
94.91,90.67,30.1,0.1238,2.44,2.52,correct
86.62,84.14,30.35,0.1077,2.88,4.58,correct
91.46,92.69,29.32,0.1166,2.49,5.91,correct
87.23,94.82,33.45,0.075,2.71,2.67,correct
94.83,88.97,34.0,0.0837,2.96,2.7,correct
90.02,88.17,28.9,0.0801,2.85,0.7,correct
82.76,91.43,29.56,0.1143,2.19,4.16,correct
89.29,89.49,28.19,0.1011,3.2,2.73,correct
91.39,89.63,33.25,0.1023,2.72,0.5,correct
82.29,92.91,29.35,0.1054,2.49,3.13,correct
85.51,92.48,29.36,0.1244,2.49,5.41,correct
83.78,88.67,28.12,0.1171,3.0,3.65,correct
88.94,85.58,32.61,0.1187,2.78,3.42,correct
90.6,90.12,29.4,0.0961,2.64,2.54,correct
90.92,89.36,28.94,0.0945,2.13,6.21,correct
90.03,95.33,28.74,0.1195,2.87,6.01,correct
87.95,90.78,28.74,0.1029,2.9,6.09,correct
94.16,91.45,32.24,0.075,2.59,3.85,correct
91.55,93.12,29.69,0.0965,2.44,6.82,correct
92.49,97.54,29.82,0.0956,3.05,3.36,correct
87.49,90.88,28.53,0.0915,2.69,0.91,correct
90.39,95.19,28.26,0.0801,2.98,3.83,correct
88.08,84.33,25.96,0.1225,2.7,4.31,correct
87.72,93.07,27.24,0.0967,2.19,1.44,correct
85.16,82.0,28.88,0.0935,2.27,3.16,correct
87.95,86.82,33.82,0.1106,3.3,2.81,correct
91.57,94.83,27.76,0.0938,4.11,2.66,correct
89.95,89.93,31.46,0.0901,2.35,5.44,correct
88.79,82.0,29.85,0.0998,3.12,3.98,correct
89.37,91.44,30.38,0.0882,2.43,1.87,correct
82.64,94.94,31.96,0.1094,2.53,2.43,correct
86.24,96.56,30.85,0.1229,2.36,2.99,correct
82.96,83.91,29.49,0.098,2.57,0.64,correct
88.79,89.58,31.63,0.1086,2.21,4.11,correct
85.6,98.66,29.74,0.096,2.62,0.7,correct
93.1,101.6,26.34,0.099,2.75,2.33,correct
92.87,97.24,29.31,0.1269,2.81,2.96,correct
89.12,87.27,32.71,0.1094,2.64,3.07,correct
84.37,92.31,27.21,0.102,2.57,4.42,correct
92.17,94.93,29.55,0.0935,2.67,3.37,correct
89.95,88.16,27.87,0.1041,3.41,6.77,correct
91.17,86.05,32.62,0.0919,2.45,4.17,correct
82.48,95.01,29.69,0.1068,2.43,4.92,correct
90.05,89.18,31.69,0.075,2.96,3.21,correct
84.82,91.89,30.8,0.0932,2.75,3.33,correct
89.57,97.13,28.87,0.1178,2.21,3.94,correct
81.12,91.36,31.24,0.1263,2.82,2.05,correct
92.11,91.21,30.0,0.113,3.29,0.28,correct
88.21,90.92,27.66,0.0825,2.77,2.57,correct
85.1,90.31,29.1,0.1022,3.51,3.35,correct
95.52,97.22,31.74,0.0933,2.67,1.74,correct
89.66,90.66,30.68,0.1056,2.88,2.76,correct
84.11,88.79,31.23,0.1,2.77,4.96,correct
89.95,83.63,29.64,0.0915,2.78,4.1,correct
90.04,99.32,28.8,0.0985,3.06,5.13,correct
83.87,94.43,31.13,0.1002,2.67,4.72,correct
89.71,93.0,28.34,0.0813,2.76,2.91,correct
89.83,87.18,31.07,0.1069,2.47,5.1,correct
86.63,87.52,30.3,0.1018,2.39,4.52,correct
87.96,87.21,26.29,0.1071,2.84,3.61,correct
93.51,82.0,32.34,0.1184,2.36,5.23,correct
84.75,85.79,29.6,0.1239,2.96,3.49,correct
91.54,87.89,32.8,0.1208,2.99,1.98,correct
92.29,92.47,31.09,0.1156,3.0,1.78,correct
93.96,92.4,30.45,0.1094,2.94,4.75,correct
88.79,90.11,28.7,0.0959,2.67,5.18,correct
86.65,90.44,29.6,0.1084,3.09,6.95,correct
82.43,89.86,30.95,0.0818,3.58,3.19,correct
84.82,95.85,25.4,0.1045,2.35,3.37,correct
89.5,94.96,30.62,0.127,2.83,2.78,correct
92.9,90.67,30.64,0.075,3.0,3.27,correct
86.26,87.72,31.61,0.0775,4.2,5.48,correct
89.48,100.5,30.35,0.0913,3.26,0.46,correct
90.4,96.99,30.87,0.0846,2.89,3.18,correct
85.03,82.0,27.43,0.096,3.31,8.0,correct
91.43,87.06,28.96,0.115,3.08,4.1,correct
88.95,97.0,34.0,0.1021,2.87,4.31,correct
86.15,82.0,30.79,0.0932,3.39,3.73,correct
93.99,86.71,32.06,0.0824,3.22,2.97,correct
91.75,89.21,31.16,0.108,2.97,4.2,correct
94.72,88.19,32.61,0.0978,3.34,7.61,correct
84.81,82.0,30.13,0.0937,2.56,2.81,correct
85.86,98.16,32.05,0.1159,3.84,2.01,correct
78.01,101.12,30.3,0.1013,1.99,0.97,correct
90.77,90.28,25.49,0.0907,3.27,5.7,correct
88.86,103.0,31.85,0.1237,3.4,4.9,correct
82.64,83.0,28.32,0.1051,2.8,4.07,correct
87.92,93.39,31.78,0.1021,2.67,0.0,correct
91.49,87.13,27.98,0.1124,3.21,4.62,correct
99.44,125.31,6.62,0.1585,7.81,16.32,incorrect
86.56,149.94,16.46,0.2093,1.8,8.89,incorrect
88.44,141.18,10.7,0.1638,5.2,14.02,incorrect
69.85,142.39,12.33,0.2122,4.88,13.54,incorrect
92.19,132.2,1.09,0.1771,4.48,13.98,incorrect
76.88,157.53,6.61,0.1639,2.65,11.12,incorrect
86.88,112.22,8.71,0.1985,7.4,15.15,incorrect
100.46,125.68,3.93,0.2049,1.8,6.6,incorrect
95.27,137.78,8.36,0.2139,2.0,3.0,incorrect
89.05,167.04,14.92,0.2153,9.61,20.95,incorrect
60.0,111.93,0.07,0.1342,3.76,22.98,incorrect
95.81,141.73,16.3,0.2119,1.8,7.65,incorrect
70.78,129.08,20.68,0.1497,3.06,11.11,incorrect
86.42,111.12,0.0,0.1787,5.72,12.94,incorrect
83.67,156.56,7.64,0.1075,4.35,11.39,incorrect
69.5,146.46,17.86,0.21,7.95,22.11,incorrect
73.03,157.95,9.57,0.1941,5.62,4.65,incorrect
80.97,117.66,5.33,0.2081,6.83,19.35,incorrect
109.25,145.06,21.68,0.2158,2.31,10.6,incorrect
99.37,148.32,4.88,0.1645,6.01,7.17,incorrect
87.88,117.5,6.7,0.2039,5.49,17.56,incorrect
93.68,132.19,16.48,0.1783,4.71,3.61,incorrect
87.67,177.55,2.65,0.24,2.56,7.9,incorrect
70.35,150.62,10.72,0.148,6.11,15.59,incorrect
78.11,125.29,7.14,0.1887,10.04,17.83,incorrect
81.87,112.0,6.97,0.1913,4.46,3.0,incorrect
78.33,121.99,17.32,0.1319,5.7,11.94,incorrect
72.91,155.69,16.98,0.1814,6.68,14.37,incorrect
62.5,164.85,0.0,0.1807,4.91,14.68,incorrect
94.69,138.04,3.09,0.1988,5.1,11.84,incorrect
86.39,135.4,19.27,0.1158,4.81,3.0,incorrect
95.92,131.95,7.4,0.1845,4.73,9.84,incorrect
99.05,133.98,4.15,0.2185,4.46,6.31,incorrect
97.59,110.74,8.26,0.1568,4.23,6.23,incorrect
76.8,162.28,6.72,0.1944,4.34,11.41,incorrect
89.45,133.78,0.45,0.1753,7.38,10.53,incorrect
93.23,151.78,3.48,0.1627,7.43,8.27,incorrect
81.8,158.83,17.0,0.2025,8.96,16.43,incorrect
86.4,121.09,10.79,0.2,3.64,10.88,incorrect
112.0,162.51,3.41,0.1378,7.34,12.95,incorrect
81.17,146.66,5.14,0.1352,2.98,18.98,incorrect
90.64,170.75,15.55,0.2043,4.8,13.66,incorrect
95.6,153.39,18.03,0.1726,4.6,8.59,incorrect
75.64,112.0,17.95,0.1366,4.57,13.75,incorrect
96.7,160.04,7.64,0.1616,4.22,12.65,incorrect
86.45,144.42,5.33,0.1755,3.33,16.41,incorrect
70.23,119.4,17.19,0.2054,4.91,16.62,incorrect
91.65,118.96,1.64,0.1319,6.57,17.03,incorrect
85.5,153.74,0.0,0.1873,5.95,11.24,incorrect
90.25,172.6,17.88,0.1984,5.48,15.73,incorrect
90.66,147.59,16.41,0.099,1.8,9.81,incorrect
83.22,133.43,17.27,0.2121,1.8,18.33,incorrect
82.5,115.16,0.0,0.1831,3.37,8.29,incorrect
80.42,130.67,15.09,0.2081,4.76,6.83,incorrect
88.29,159.83,11.72,0.1745,3.99,17.73,incorrect
96.83,152.19,16.63,0.2021,3.36,15.35,incorrect
90.85,119.04,9.47,0.1719,2.94,12.21,incorrect
79.52,139.3,18.94,0.1723,3.36,13.41,incorrect
82.07,108.0,13.43,0.1623,1.8,14.32,incorrect
102.04,118.74,17.71,0.1331,4.99,14.59,incorrect
109.06,131.4,15.94,0.1788,5.21,10.52,incorrect
98.57,160.79,3.22,0.1124,8.07,19.32,incorrect
77.74,135.79,8.94,0.1353,5.78,11.96,incorrect
77.89,168.41,4.65,0.1877,6.93,10.84,incorrect
98.69,165.59,6.16,0.1659,2.18,15.49,incorrect
95.42,109.05,17.36,0.1884,2.48,17.22,incorrect
80.97,145.01,15.41,0.1698,5.63,16.08,incorrect
90.18,137.3,14.65,0.1387,6.39,5.82,incorrect
90.98,130.87,0.98,0.1161,1.8,20.13,incorrect
97.1,146.11,0.4,0.1391,6.84,5.14,incorrect
89.21,122.37,0.0,0.1436,5.79,11.07,incorrect
80.96,131.35,12.43,0.1602,3.6,8.69,incorrect
83.36,154.04,12.36,0.24,5.6,6.5,incorrect
76.26,148.34,18.99,0.1786,5.38,17.39,incorrect
89.5,157.27,5.21,0.1997,4.72,20.19,incorrect
89.58,144.72,4.82,0.1465,6.5,8.11,incorrect
76.49,180.0,13.57,0.165,2.26,10.98,incorrect
92.25,126.52,20.34,0.1924,4.93,17.62,incorrect
86.59,108.94,16.19,0.1929,4.65,3.0,incorrect
83.61,118.65,18.7,0.2212,2.65,15.15,incorrect
87.67,133.47,6.04,0.1734,6.18,8.36,incorrect
77.5,115.78,16.35,0.1352,3.74,10.15,incorrect
85.85,125.77,1.03,0.202,1.8,13.0,incorrect
101.57,161.72,15.1,0.2208,1.99,11.37,incorrect
76.5,146.29,8.42,0.1444,2.44,16.03,incorrect
95.6,122.87,12.51,0.1573,3.9,13.73,incorrect
102.04,120.25,22.0,0.1352,1.8,13.52,incorrect
99.17,140.41,10.75,0.1673,3.16,4.15,incorrect
92.9,136.83,15.47,0.1488,3.16,9.86,incorrect
87.18,125.77,9.73,0.1614,3.52,3.0,incorrect
80.93,141.43,0.0,0.1392,4.76,9.87,incorrect
92.21,148.29,15.09,0.1792,6.85,13.29,incorrect
73.76,137.82,14.78,0.1747,4.33,7.29,incorrect
84.58,164.46,1.98,0.173,1.8,11.9,incorrect
95.27,163.67,4.44,0.1812,7.06,9.68,incorrect
82.67,154.81,5.84,0.1758,3.56,13.08,incorrect
75.02,148.75,22.0,0.1992,2.46,18.97,incorrect
86.74,167.49,12.02,0.2138,1.88,17.45,incorrect
100.08,133.06,18.41,0.2232,1.8,12.47,incorrect
92.15,137.3,4.76,0.186,5.92,11.49,incorrect
89.45,124.59,8.79,0.1793,5.27,12.53,incorrect
85.67,141.3,6.17,0.1705,3.93,15.15,incorrect
107.0,148.35,5.42,0.1542,6.06,14.8,incorrect
95.87,123.65,11.08,0.1216,5.34,18.68,incorrect
72.64,151.93,8.75,0.2044,5.15,14.12,incorrect
91.19,112.9,0.0,0.1813,7.74,14.13,incorrect
89.6,162.96,0.0,0.1818,1.8,7.24,incorrect
94.84,118.04,2.12,0.2022,3.8,3.55,incorrect
98.19,154.3,20.92,0.197,2.42,14.94,incorrect
105.48,146.19,6.01,0.1508,3.17,14.21,incorrect
77.85,152.93,6.55,0.2197,4.07,6.84,incorrect
79.36,140.34,6.08,0.2008,3.01,4.16,incorrect
70.43,154.19,10.19,0.1927,2.38,14.66,incorrect
104.5,115.29,18.8,0.1754,7.07,21.03,incorrect
62.12,179.51,2.51,0.1511,3.29,5.45,incorrect
80.53,149.52,2.02,0.1299,3.87,13.27,incorrect
89.58,149.27,8.01,0.1757,8.1,25.0,incorrect
75.58,133.81,7.81,0.1637,5.52,14.2,incorrect
97.4,141.69,19.5,0.1628,6.6,9.2,incorrect
92.4,175.66,4.47,0.2341,2.79,14.53,incorrect
90.97,120.17,0.0,0.2073,3.41,5.55,incorrect
95.0,139.23,17.97,0.145,9.03,11.3,incorrect
77.73,115.37,20.33,0.2069,1.97,12.69,incorrect
77.26,112.0,4.0,0.1751,3.59,3.0,incorrect
82.86,137.89,18.57,0.2169,2.54,5.41,incorrect
101.29,150.42,2.93,0.151,8.67,11.02,incorrect
96.41,137.65,9.37,0.2137,7.72,14.99,incorrect
73.65,116.29,15.48,0.24,3.22,6.74,incorrect
103.35,134.4,4.97,0.1539,3.51,5.22,incorrect
90.96,139.71,18.96,0.1898,2.59,13.13,incorrect
90.64,158.1,2.65,0.1871,7.39,22.03,incorrect
80.97,157.7,2.13,0.1653,1.8,10.01,incorrect
102.67,175.68,12.05,0.1332,4.46,7.71,incorrect
91.36,144.83,9.2,0.2186,7.05,15.24,incorrect
86.16,148.19,2.48,0.1589,1.8,11.11,incorrect
62.9,111.17,10.87,0.1847,2.13,7.58,incorrect
89.43,160.57,6.78,0.1979,2.92,8.86,incorrect
61.39,120.74,4.72,0.1848,7.51,13.17,incorrect
85.93,119.1,9.74,0.1816,6.01,7.65,incorrect
97.81,115.51,11.88,0.158,4.03,16.09,incorrect
85.55,155.21,3.91,0.0944,4.89,8.14,incorrect
85.59,155.75,15.26,0.146,1.8,6.4,incorrect
92.55,113.47,5.33,0.1483,4.75,11.74,incorrect
87.74,161.84,18.7,0.1785,6.37,10.14,incorrect
79.33,158.22,2.42,0.1638,5.86,18.99,incorrect
80.16,151.25,9.2,0.1094,5.18,4.9,incorrect
67.92,163.36,10.04,0.1976,2.01,6.74,incorrect
91.8,145.7,4.24,0.1708,5.39,14.37,incorrect
96.18,162.04,5.17,0.1967,6.37,3.0,incorrect
93.01,112.0,14.91,0.1929,6.23,14.44,incorrect
89.03,131.47,8.86,0.1428,3.96,10.7,incorrect
93.36,142.72,5.83,0.1514,2.63,18.31,incorrect
82.42,156.91,19.9,0.1888,2.83,17.37,incorrect
99.07,168.2,15.78,0.1838,4.04,13.19,incorrect
87.13,151.59,15.55,0.128,7.08,11.87,incorrect
88.95,111.5,10.42,0.126,4.81,6.95,incorrect
75.18,146.78,5.43,0.2195,4.52,14.99,incorrect
101.02,112.0,16.74,0.1712,5.04,15.46,incorrect
79.07,146.38,9.07,0.2073,1.8,12.56,incorrect
93.85,124.12,18.54,0.1358,3.04,8.85,incorrect
82.56,153.47,5.12,0.1614,4.09,3.42,incorrect
78.15,144.36,17.42,0.166,3.48,15.1,incorrect
89.34,138.95,0.0,0.1498,2.18,14.42,incorrect
92.44,146.74,3.2,0.24,4.96,11.45,incorrect
88.18,142.77,5.34,0.1617,3.99,6.82,incorrect
79.36,153.06,5.57,0.1879,6.02,10.47,incorrect
94.0,122.89,22.0,0.1619,5.89,12.47,incorrect
75.32,151.89,17.96,0.1955,3.25,17.29,incorrect
84.88,117.69,3.9,0.2004,3.92,10.9,incorrect
88.99,131.56,0.78,0.1623,5.14,10.7,incorrect
93.16,148.5,18.89,0.2004,5.21,19.08,incorrect
78.36,157.61,17.05,0.1169,1.8,8.51,incorrect
107.34,155.64,1.62,0.2202,1.8,17.04,incorrect
86.54,112.17,17.98,0.146,3.78,13.37,incorrect
86.62,127.14,20.26,0.1885,2.44,11.89,incorrect
88.43,162.3,9.85,0.2055,5.32,12.39,incorrect
83.43,135.28,0.7,0.1424,4.02,13.93,incorrect
87.0,159.34,3.08,0.1878,2.73,18.06,incorrect
112.0,135.55,19.84,0.2282,5.13,13.5,incorrect
112.0,114.18,18.83,0.1481,4.16,11.25,incorrect
90.52,133.19,15.44,0.152,3.75,3.96,incorrect
79.18,114.11,8.99,0.1638,7.79,10.78,incorrect
84.87,179.88,1.58,0.1244,8.39,13.2,incorrect
93.44,143.79,3.18,0.2302,2.61,11.37,incorrect
96.96,146.83,2.69,0.17,2.99,13.81,incorrect
90.87,180.0,16.47,0.1746,1.8,4.7,incorrect
84.71,167.23,18.43,0.1679,3.21,3.0,incorrect
108.58,119.39,11.45,0.2397,3.11,9.01,incorrect
95.4,112.0,22.0,0.2187,2.83,11.6,incorrect
77.06,135.54,14.98,0.1893,3.65,7.76,incorrect
110.5,129.11,15.13,0.1095,5.8,21.15,incorrect
96.11,172.99,4.4,0.1597,2.55,10.52,incorrect
82.83,126.05,18.18,0.1744,3.5,7.3,incorrect
90.88,108.0,6.96,0.1711,6.25,11.29,incorrect
112.0,114.64,2.69,0.1767,2.4,12.99,incorrect
76.31,122.33,1.63,0.1446,2.51,18.25,incorrect
73.15,180.0,15.46,0.1451,3.74,11.41,incorrect
84.91,112.8,4.22,0.228,1.8,13.26,incorrect
88.24,117.49,10.87,0.2145,6.49,19.14,incorrect
94.93,166.69,7.06,0.1554,2.4,13.07,incorrect
86.78,135.94,12.94,0.1965,2.25,16.62,incorrect
99.13,139.55,0.49,0.21,6.42,8.62,incorrect
96.18,116.82,3.48,0.1875,4.28,6.6,incorrect
93.94,144.61,14.65,0.1981,1.83,22.34,incorrect
88.9,138.81,17.18,0.1568,3.03,5.35,incorrect
98.42,166.03,16.91,0.1885,1.91,3.73,incorrect
91.75,133.37,0.72,0.1605,1.8,12.73,incorrect
80.71,157.66,18.87,0.1551,5.58,16.81,incorrect
89.46,131.45,0.79,0.1688,2.99,5.51,incorrect
71.24,129.23,0.0,0.1996,3.84,8.62,incorrect
81.39,160.88,13.62,0.1329,3.62,8.85,incorrect
88.36,148.97,8.01,0.1644,3.22,17.18,incorrect
70.44,121.18,4.83,0.1951,4.1,10.26,incorrect
89.51,172.37,8.35,0.1488,6.97,11.09,incorrect
75.49,112.0,10.53,0.1337,1.8,12.81,incorrect
90.63,126.81,7.47,0.1181,2.92,19.65,incorrect
94.19,115.34,12.27,0.1569,5.75,11.23,incorrect
87.5,126.39,13.16,0.208,1.8,10.79,incorrect
89.02,164.68,11.99,0.1686,3.65,14.31,incorrect
85.47,146.4,0.98,0.1788,5.83,22.55,incorrect
103.11,173.59,14.2,0.1114,3.48,9.61,incorrect
86.92,109.18,16.33,0.1561,3.22,10.81,incorrect
85.73,131.24,19.51,0.1956,2.79,13.42,incorrect
93.67,156.61,17.54,0.179,2.51,11.7,incorrect
78.61,145.22,18.37,0.1543,2.69,9.52,incorrect
99.94,151.29,11.49,0.2114,1.8,6.77,incorrect
95.8,118.46,4.47,0.1424,7.64,10.62,incorrect
63.12,118.72,10.51,0.1667,1.8,12.41,incorrect
87.78,123.26,13.84,0.1481,1.8,16.06,incorrect
80.87,147.66,8.92,0.1344,4.71,13.67,incorrect
75.43,119.24,2.06,0.1688,1.8,15.6,incorrect
76.13,172.79,0.0,0.1466,1.8,15.48,incorrect
112.0,164.56,1.81,0.1594,1.95,8.95,incorrect
92.38,143.13,19.71,0.2097,4.29,7.16,incorrect
65.12,166.01,3.13,0.1919,4.0,15.64,incorrect
99.91,138.45,3.24,0.115,1.92,7.97,incorrect
112.0,146.95,19.2,0.2054,3.81,14.9,incorrect
81.57,113.05,0.44,0.2211,5.07,9.26,incorrect
79.28,156.85,0.0,0.1626,2.6,12.51,incorrect
111.47,180.0,6.45,0.1609,4.35,12.39,incorrect
93.04,144.53,4.1,0.1508,1.8,14.41,incorrect
72.82,143.65,2.65,0.1837,5.18,18.26,incorrect
75.66,108.92,18.35,0.1668,6.82,11.12,incorrect
83.97,108.52,18.37,0.1697,3.13,12.44,incorrect
91.4,167.5,12.01,0.1827,2.18,16.34,incorrect
87.63,116.26,9.88,0.1079,6.66,13.23,incorrect
85.77,122.06,14.29,0.1878,4.35,13.42,incorrect
86.86,152.27,18.95,0.1729,3.8,14.63,incorrect
92.79,136.36,6.13,0.1235,5.31,11.45,incorrect
106.59,140.84,10.1,0.2178,8.05,15.32,incorrect
99.58,119.74,11.14,0.1869,7.47,7.97,incorrect
79.83,154.06,18.21,0.1249,1.89,11.01,incorrect
86.65,162.63,5.11,0.1417,1.8,11.41,incorrect
84.83,112.0,13.58,0.1921,2.46,11.76,incorrect
93.92,144.83,0.0,0.1582,3.23,8.0,incorrect
88.91,142.57,21.96,0.1831,2.54,13.17,incorrect
103.48,113.05,0.0,0.2157,3.04,11.34,incorrect
100.54,131.32,20.5,0.1619,3.44,8.4,incorrect
94.65,138.24,0.0,0.2037,4.24,7.61,incorrect
97.32,180.0,13.52,0.172,6.36,3.0,incorrect
87.52,112.26,16.07,0.1835,7.1,18.76,incorrect
84.05,153.13,5.94,0.1307,1.8,9.99,incorrect
79.88,112.0,15.11,0.1429,4.14,16.85,incorrect
109.24,135.56,0.28,0.1794,5.9,10.13,incorrect
93.06,142.99,0.0,0.1585,6.14,14.69,incorrect
99.46,110.62,15.58,0.2181,6.47,7.73,incorrect
94.7,171.89,2.2,0.1558,6.53,14.4,incorrect
91.56,163.66,9.98,0.1774,4.15,10.56,incorrect
71.33,152.2,5.58,0.1151,1.8,14.69,incorrect
89.52,171.83,10.65,0.1876,4.99,16.08,incorrect
91.18,117.07,2.01,0.2026,5.6,13.07,incorrect
79.93,171.94,6.99,0.1382,9.36,9.59,incorrect
85.0,131.43,5.01,0.187,4.84,5.35,incorrect
97.41,114.3,8.7,0.1987,1.8,12.15,incorrect
102.77,158.89,12.72,0.1547,5.34,3.95,incorrect
75.76,142.32,15.62,0.1594,5.35,12.74,incorrect
86.72,128.7,12.4,0.1756,6.0,16.14,incorrect
103.49,148.37,0.0,0.1717,5.42,14.19,incorrect
70.53,142.43,18.72,0.1599,2.58,7.86,incorrect
86.36,112.0,12.73,0.222,2.91,12.23,incorrect
89.53,155.64,5.64,0.1511,4.35,7.63,incorrect
63.84,113.07,9.25,0.188,3.22,16.95,incorrect
91.98,112.0,8.93,0.1899,3.73,10.36,incorrect
77.33,163.51,17.21,0.1855,1.8,9.67,incorrect
96.66,128.67,16.03,0.1739,4.93,8.54,incorrect
90.85,165.95,14.25,0.1498,5.7,17.26,incorrect
87.57,166.66,16.02,0.1218,4.51,14.38,incorrect
84.65,112.0,11.38,0.1936,3.42,10.25,incorrect
100.49,121.75,14.53,0.18,4.61,3.0,incorrect
87.87,150.67,9.47,0.1662,5.55,9.21,incorrect
92.27,153.74,0.0,0.229,6.21,11.85,incorrect
93.42,158.16,11.68,0.154,2.57,14.89,incorrect
96.8,143.44,13.18,0.1974,6.69,9.54,incorrect
89.72,161.59,7.01,0.22,3.86,13.78,incorrect
101.54,164.73,4.78,0.1417,3.2,18.72,incorrect
92.12,142.59,17.5,0.1541,8.12,17.16,incorrect
106.3,122.0,8.28,0.1332,3.6,8.46,incorrect
71.8,153.95,7.44,0.1855,5.11,9.38,incorrect
78.48,166.66,18.3,0.2107,2.62,3.0,incorrect
80.86,143.7,14.89,0.2255,3.31,16.46,incorrect
85.84,141.49,17.58,0.2316,3.3,9.4,incorrect
93.7,144.25,11.82,0.1676,3.78,10.13,incorrect
98.06,118.5,20.8,0.1459,5.46,15.38,incorrect
98.64,142.53,14.0,0.1423,2.69,23.63,incorrect
77.58,119.28,11.26,0.1676,1.8,16.05,incorrect
99.67,137.52,17.29,0.2154,5.07,8.93,incorrect
75.35,140.33,6.79,0.1637,2.56,11.76,incorrect
97.53,135.73,15.04,0.2221,2.55,15.53,incorrect
91.62,139.53,7.1,0.1428,7.97,11.58,incorrect
65.32,162.65,13.1,0.2057,5.29,13.76,incorrect
112.0,163.44,8.1,0.1621,1.8,17.97,incorrect
88.21,135.24,10.3,0.2021,3.39,11.51,incorrect
75.53,137.69,8.41,0.1754,3.56,24.46,incorrect
97.74,133.32,17.93,0.1773,4.04,14.52,incorrect
72.18,112.0,3.16,0.1513,2.2,11.13,incorrect
82.31,148.25,9.78,0.1489,8.09,13.97,incorrect
89.55,115.08,11.9,0.1058,3.04,3.5,incorrect
72.97,157.7,17.17,0.1606,7.18,11.15,incorrect
90.35,143.02,2.55,0.1776,4.87,10.76,incorrect
95.63,113.03,1.61,0.1378,3.44,12.1,incorrect
100.16,135.48,5.85,0.2014,5.89,3.0,incorrect
87.28,116.11,9.68,0.1555,4.76,9.83,incorrect
91.54,146.54,18.25,0.1828,1.8,14.3,incorrect
94.72,154.34,16.14,0.193,4.11,3.27,incorrect
92.45,160.37,17.77,0.2063,9.01,7.64,incorrect
86.8,131.73,5.52,0.1691,3.67,11.6,incorrect
100.14,132.06,10.7,0.1727,4.58,17.77,incorrect
60.0,117.05,17.9,0.2005,2.89,14.38,incorrect
89.15,168.0,5.85,0.1382,5.9,13.13,incorrect
103.89,123.53,10.63,0.1601,8.19,12.71,incorrect
91.67,110.66,19.56,0.1609,4.05,5.22,incorrect
112.0,118.38,22.0,0.2073,2.44,17.71,incorrect
71.59,139.59,0.28,0.1674,7.84,8.87,incorrect
78.47,119.69,18.71,0.1766,2.95,11.97,incorrect
93.43,115.07,0.0,0.1415,6.23,16.0,incorrect
67.5,152.89,21.3,0.1517,4.1,6.5,incorrect
84.42,161.92,4.12,0.1924,2.26,15.89,incorrect
79.7,135.34,8.17,0.1676,1.8,17.79,incorrect
99.41,112.0,9.78,0.1451,3.91,3.0,incorrect
94.02,143.16,9.3,0.2299,5.17,7.21,incorrect
97.04,154.51,4.51,0.1968,3.12,8.8,incorrect
97.38,151.14,7.37,0.1801,2.87,16.93,incorrect
86.07,172.62,17.18,0.1291,2.43,15.46,incorrect
78.32,114.38,7.82,0.1529,6.57,8.5,incorrect
97.72,156.99,17.95,0.1728,4.67,17.07,incorrect
90.99,138.33,6.84,0.1846,4.79,6.61,incorrect
81.07,175.79,1.18,0.1903,4.69,16.83,incorrect
88.98,148.16,4.54,0.1178,2.65,10.39,incorrect
101.66,136.46,0.27,0.1412,1.8,14.61,incorrect
92.11,116.19,6.0,0.1517,2.23,13.73,incorrect
99.85,136.58,4.33,0.1504,2.67,14.47,incorrect
93.13,127.08,5.64,0.17,3.52,13.46,incorrect
90.74,160.79,18.49,0.2087,3.43,21.83,incorrect
97.95,119.97,2.26,0.2082,8.44,18.44,incorrect
100.64,122.0,6.45,0.24,2.42,11.88,incorrect
93.6,165.95,0.32,0.2068,4.2,17.22,incorrect
112.0,127.32,4.29,0.1234,7.8,9.87,incorrect
99.52,160.77,5.8,0.1631,1.8,24.93,incorrect
92.13,170.69,4.66,0.1804,2.42,7.93,incorrect
84.64,171.03,16.93,0.1936,2.3,16.21,incorrect
91.88,133.16,11.11,0.2361,6.68,8.44,incorrect
111.54,152.63,14.33,0.1111,1.8,12.93,incorrect
97.56,114.64,5.73,0.1412,2.22,17.44,incorrect
91.87,146.01,2.67,0.1421,4.3,9.38,incorrect
94.12,150.21,0.0,0.1669,5.81,4.58,incorrect
82.22,163.61,7.57,0.1518,2.42,3.35,incorrect
98.18,178.49,19.72,0.1538,4.85,24.01,incorrect
112.0,118.12,14.73,0.2192,5.09,16.42,incorrect
91.29,166.22,14.42,0.1131,5.96,4.83,incorrect
101.55,121.03,6.34,0.209,6.96,19.19,incorrect
82.48,128.19,5.17,0.1842,3.57,15.77,incorrect
82.67,126.75,11.2,0.176,2.5,18.88,incorrect
87.19,131.2,9.72,0.1809,3.2,15.17,incorrect
103.86,140.03,7.98,0.1658,3.93,18.95,incorrect
103.06,112.98,20.24,0.1637,1.8,11.73,incorrect
90.68,148.62,16.44,0.2188,5.86,4.85,incorrect
72.58,125.14,7.55,0.2009,5.5,9.28,incorrect
89.7,123.98,8.59,0.1655,4.95,14.91,incorrect
106.74,149.66,18.22,0.1458,6.71,6.2,incorrect
108.1,165.1,9.54,0.1915,2.25,11.78,incorrect
102.43,141.1,16.74,0.1616,7.33,15.97,incorrect
71.53,126.08,12.95,0.2295,2.74,13.17,incorrect
92.06,168.22,5.76,0.24,4.21,5.18,incorrect
87.92,118.74,5.94,0.1773,4.67,9.26,incorrect
84.5,165.37,21.98,0.1836,3.29,13.79,incorrect
82.27,111.77,5.49,0.1431,4.13,13.49,incorrect
95.09,126.22,0.0,0.1791,1.8,12.95,incorrect
78.33,132.4,6.46,0.1789,2.66,16.68,incorrect
71.1,121.0,3.09,0.1712,1.8,16.18,incorrect
106.64,115.53,7.27,0.1864,4.26,14.29,incorrect
79.66,139.26,7.92,0.1874,2.92,11.95,incorrect
84.09,149.68,11.61,0.1574,1.93,9.13,incorrect
111.77,114.58,17.95,0.1927,3.94,5.2,incorrect
94.45,163.07,3.68,0.1185,6.92,10.55,incorrect
90.41,165.68,5.8,0.147,3.63,14.44,incorrect
86.23,151.6,16.39,0.1561,2.1,5.8,incorrect
85.51,145.62,9.74,0.1899,2.34,3.0,incorrect
92.69,167.28,8.98,0.1666,7.1,12.35,incorrect
86.69,120.85,3.31,0.1667,1.8,12.45,incorrect
92.44,125.98,6.36,0.1391,2.31,14.05,incorrect
80.23,160.4,5.93,0.173,3.57,11.23,incorrect
95.62,158.78,5.05,0.1288,1.8,10.54,incorrect
82.69,158.42,0.22,0.1698,1.8,14.97,incorrect
65.97,140.29,5.26,0.1878,6.85,16.18,incorrect
95.37,121.3,15.49,0.1957,2.59,17.1,incorrect
95.03,154.31,10.94,0.1737,6.0,11.05,incorrect
90.93,137.04,17.05,0.1522,1.8,16.81,incorrect
85.84,160.26,10.92,0.1037,4.29,10.69,incorrect
70.31,118.37,14.25,0.1263,3.87,17.86,incorrect
76.46,110.33,8.54,0.1527,4.73,7.74,incorrect
102.46,139.75,5.04,0.1757,1.8,13.23,incorrect
109.39,164.21,18.22,0.1702,4.41,12.43,incorrect
74.53,180.0,15.86,0.1842,4.19,4.67,incorrect
74.04,133.36,1.86,0.1664,6.14,9.33,incorrect
74.17,159.57,8.24,0.1085,3.14,10.33,incorrect
75.59,116.5,0.42,0.2148,1.8,9.26,incorrect
84.93,115.81,21.09,0.24,3.79,14.16,incorrect
89.53,148.62,19.8,0.1365,4.21,20.61,incorrect
92.26,133.24,3.98,0.2166,4.94,14.98,incorrect
95.13,163.44,0.0,0.1167,2.13,7.71,incorrect
77.35,151.18,0.0,0.1528,1.8,8.26,incorrect
86.88,139.74,10.09,0.1616,1.8,13.56,incorrect
90.12,130.01,13.37,0.1441,2.6,8.91,incorrect
93.76,116.64,5.08,0.2301,3.31,13.61,incorrect
91.93,138.17,9.58,0.208,3.88,3.0,incorrect
82.89,149.96,6.45,0.1713,5.21,15.96,incorrect
89.7,135.36,6.4,0.1699,7.63,5.53,incorrect
95.99,156.59,12.28,0.1523,1.8,9.14,incorrect
84.94,120.88,8.53,0.1395,1.8,13.33,incorrect
93.46,119.69,4.32,0.1867,1.83,15.81,incorrect
73.36,112.56,5.92,0.1373,4.99,4.49,incorrect
90.97,139.75,7.08,0.1574,3.39,3.0,incorrect
108.95,148.76,8.28,0.2219,5.81,8.48,incorrect
110.93,154.99,18.98,0.1797,1.8,17.05,incorrect
92.26,153.54,18.67,0.1967,5.01,9.46,incorrect
99.13,116.96,5.36,0.203,3.04,16.33,incorrect
107.16,114.95,8.44,0.1639,4.72,17.19,incorrect
92.99,148.83,20.44,0.1657,9.62,10.29,incorrect
79.96,138.72,9.39,0.1617,2.88,16.74,incorrect
85.68,112.0,18.83,0.1737,4.03,3.0,incorrect
100.58,136.62,0.0,0.1419,2.51,15.18,incorrect
87.72,153.32,3.32,0.1652,3.11,13.57,incorrect
84.62,160.2,6.61,0.1636,2.17,11.4,incorrect
85.96,134.12,13.59,0.1706,3.77,9.42,incorrect
82.22,128.56,21.71,0.1464,4.21,5.8,incorrect
87.5,132.29,0.1,0.1419,7.21,14.2,incorrect
101.36,146.06,13.99,0.1623,4.08,12.98,incorrect
101.97,158.29,4.87,0.2201,4.25,17.81,incorrect
85.8,133.12,11.7,0.2275,1.8,18.13,incorrect
89.76,125.38,4.81,0.1397,5.06,13.05,incorrect
103.56,147.36,4.16,0.1343,1.8,9.84,incorrect
74.13,168.83,4.73,0.1842,3.75,16.93,incorrect
83.21,128.32,19.59,0.1785,1.8,12.64,incorrect
89.69,115.0,6.78,0.172,3.52,3.0,incorrect
95.19,139.29,16.46,0.1209,4.5,6.14,incorrect
88.8,161.39,13.09,0.1841,5.44,3.0,incorrect
76.86,121.24,9.82,0.1804,5.87,12.9,incorrect
107.33,113.78,15.98,0.2163,5.33,8.11,incorrect
89.72,169.22,7.53,0.1713,1.8,17.93,incorrect
107.38,115.64,2.87,0.1826,4.36,14.18,incorrect
80.37,116.02,4.49,0.1326,5.68,8.49,incorrect
89.01,162.9,19.71,0.1491,6.86,6.29,incorrect
72.53,130.99,14.68,0.1876,6.22,3.49,incorrect
105.66,127.83,3.15,0.2124,1.88,3.0,incorrect
90.05,139.27,4.89,0.1837,1.8,14.5,incorrect
89.01,135.53,4.89,0.1678,1.8,7.98,incorrect
105.17,140.41,19.27,0.1896,4.2,11.17,incorrect
95.83,147.22,20.42,0.2305,3.61,7.53,incorrect
65.99,171.84,9.19,0.1368,6.67,20.99,incorrect
85.83,121.33,0.0,0.24,2.9,19.56,incorrect
78.2,132.43,12.02,0.1082,1.8,12.05,incorrect
91.69,148.95,2.82,0.2255,5.29,18.81,incorrect
71.21,162.7,11.31,0.1693,3.31,3.67,incorrect
86.92,129.53,9.18,0.1426,6.41,10.75,incorrect
74.3,140.75,7.17,0.1788,5.45,15.28,incorrect
78.87,161.01,5.71,0.1597,3.63,16.68,incorrect
94.56,131.26,3.64,0.1449,4.46,13.47,incorrect
78.13,134.62,17.77,0.2251,6.09,4.84,incorrect
91.02,147.18,9.22,0.1939,3.11,15.73,incorrect
88.29,112.0,18.02,0.1745,3.69,3.0,incorrect
89.6,125.33,12.41,0.156,1.94,3.57,incorrect
87.93,124.58,0.0,0.1698,4.17,4.0,incorrect
95.83,173.54,18.26,0.1555,1.8,13.98,incorrect
87.42,157.64,0.0,0.1583,5.94,10.0,incorrect
76.78,176.24,9.53,0.1903,3.4,16.28,incorrect
89.58,178.79,0.0,0.1835,6.1,8.85,incorrect
92.19,140.11,19.59,0.1982,7.29,13.53,incorrect
85.74,147.81,16.76,0.1843,4.32,8.95,incorrect
88.33,162.13,12.77,0.1638,4.11,21.62,incorrect
84.59,125.23,18.45,0.1319,1.8,8.91,incorrect
91.41,118.65,14.44,0.11,3.22,16.03,incorrect
78.83,159.57,3.5,0.1605,1.8,9.98,incorrect
103.81,168.67,2.26,0.1113,5.27,14.63,incorrect
102.22,154.89,4.51,0.1577,2.68,18.69,incorrect
78.68,167.81,7.64,0.187,3.97,18.73,incorrect
100.57,124.97,7.75,0.2164,5.5,11.99,incorrect
86.55,153.86,8.2,0.1982,3.03,11.95,incorrect
88.98,141.94,20.38,0.123,4.2,12.84,incorrect
89.54,118.02,11.22,0.1982,4.12,13.29,incorrect
99.34,121.88,1.97,0.1381,5.75,9.0,incorrect
